{"accounts": ["CN10000-Cash", "CN10101-WeChat Account", "CN30201-Friends Debt", "CN60002-Food Expenses", "CN60004-Transportation Expenses", "CN60005-Personal Expenses", "CN70006-Other Income", "KR10000-Cash", "KR10101-Toss Checking Account", "KR10102-Hana Checking Account", "KR10103-Shinhan Checking Account", "KR10105-Kakao Checking Account", "KR10107-Bravo Checking Account", "KR10401-Samsung Receivable", "KR10403-Friends Receivable", "KR10501-Phone Plan", "KR30201-Friends Debt", "KR60001-Home Expenses", "KR60002-Food Expenses", "KR60004-Transportation Expenses", "KR60005-Personal Expenses", "KR70001-Cashback Income", "KR70002-Interest Income", "KR70003-Samsung Income", "KR70005-Allowance Income", "KR70006-Other Income", "MY11101-Maybank Checking Account", "MY61005-Personal Expenses", "MY61006-Exchange Expenses", "MY71003-Allowance Income", "hana\\"], "embeddings": {"CN10000-Cash": [-0.7137174587994829, 0.09740806328804386, -0.11195404716359605, -0.3582086800770052, 0.276563629972048, -0.1781807900868764, 0.22984528745236782, 0.16137124745105538], "CN10101-WeChat Account": [-0.6965286931663476, 1.3727283769433047, 0.18554323037746695, -2.0507185382500603, -1.5221844991560745, -1.3461402663369675, 0.6089557417814425, -0.1555920536822041], "CN30201-Friends Debt": [-0.040870786892566104, 0.00010328897056527403, 0.10917554905150496, -0.05586665244963567, -0.27470266404870464, 0.06710788800557249, 0.07764473517647445, 0.14130949787310926], "CN60002-Food Expenses": [-0.1370982106180201, 0.15460116367651816, 0.07248763520624085, -0.27596888550243354, -0.30417274573881165, -0.11845839574266831, 0.12424617068180055, 0.06467011487041383], "CN60004-Transportation Expenses": [-0.040870786892566104, 0.00010328897056527403, 0.10917554905150496, -0.05586665244963567, -0.27470266404870464, 0.06710788800557249, 0.07764473517647445, 0.14130949787310926], "CN60005-Personal Expenses": [-0.852844823786824, 0.6699780995802966, 2.026782370592274, -0.026872122673651667, -1.4216419415476043, -0.010753974703492021, 0.7629006365029715, 1.132017945473954], "CN70006-Other Income": [-0.059885220214805114, -0.12390837195164273, -0.07454214845982081, -0.25210633582908143, -0.6320922178367621, 0.21158718763396273, 0.1324403857601545, 0.29340758023473495], "KR10000-Cash": [-0.4819385489580809, 0.07212602744960889, -0.1476615387131429, -0.33716245847214893, -0.47800173861937983, 0.2017180937589841, 0.09268087666438038, 0.6357007051596714], "KR10101-Toss Checking Account": [-4.834017455577939, -0.7909159311741233, 4.866945231914576, 4.052242801263743, 11.4381938390813, 21.996866564638445, 4.362507897243759, 5.498108419156042], "KR10102-Hana Checking Account": [15.110793852025095, 4.847756327041283, -4.899324736689923, 5.724434229357289, -4.128700255626539, 19.09663125359779, 18.66065634235325, 6.164340916677033], "KR10103-Shinhan Checking Account": [-1.1506350906195844, -1.4548054791360554, -0.2286209454948646, 0.4782562251074259, -0.9774001148350773, 0.7894091281041026, 0.5888786198753597, 1.9088089229173324], "KR10105-Kakao Checking Account": [-2.0767572888639187, -0.9341825790945787, -1.114824838462685, 0.22968667377225477, 1.0921670424979604, 0.9613559147362037, 0.986229978619511, 2.8539129815050535], "KR10107-Bravo Checking Account": [-0.23019204893675374, 0.2840370723135353, -0.0135557439459376, 0.20130726880888364, -0.4091730752961027, 0.30041235719497805, -0.30310932433132337, 0.6698531125496886], "KR10401-Samsung Receivable": [-0.2917962302192605, 0.021645236880972793, 0.49799652988179627, -0.21167517200565583, 0.03219191025289752, 0.26145513950824273, 0.30315668552445607, -0.44113625706008114], "KR10403-Friends Receivable": [0.5093156425837707, -1.807266753096046, -0.2987450333939336, 1.2416389642161574, -0.2837586786052395, -0.045257657804982865, -0.8665592566708038, 1.433242569498486], "KR10501-Phone Plan": [0.14011415575256833, 0.06614678259989329, -0.14166148659837707, 0.24805950371448293, -0.001477765614323528, 0.06408731160643197, -0.4023071007611024, 0.47030619446188493], "KR30201-Friends Debt": [-1.0748914031342554, -0.3754508741353498, 0.08595514836151259, 1.1429394728353157, -1.2469277530890504, -0.1810470988752001, 0.6314165311384669, 1.1440666100840102], "KR60001-Home Expenses": [-0.1710956638535904, 0.06570208357010485, -0.41351398861853805, 0.06547914487766524, -0.3715463213361013, 0.23830587465384248, -0.24497772010719135, 0.3334748959465953], "KR60002-Food Expenses": [-1.5927322605599925, 0.5799939224172947, 1.5714074161093998, 1.8557518687703285, -3.1831537016786835, -1.1853955754755359, 0.9304822740020333, 2.8896291691599965], "KR60004-Transportation Expenses": [-0.23043642201291803, -0.4715710623403198, -0.7217672012233868, 2.1797869863879997, -1.524472584156246, -0.28531482849920664, -0.9003135403025438, 0.17107317453077853], "KR60005-Personal Expenses": [-0.6184648482540567, -1.319002686974648, 1.6591760925785728, 2.198203813959031, -0.2344058870026395, -0.4547873356868911, 0.5871796851843218, 3.1264724767952368], "KR70001-Cashback Income": [0.6594576647240381, -0.1294591420169323, -0.21637586849872228, 0.15288935706578974, -0.345711776405292, 0.12898590496360443, -1.0339036203374374, 0.9022915545974957], "KR70002-Interest Income": [0.07306924455583627, -0.014344335071118533, -0.023974884358837732, 0.01694045034125635, -0.03830556484099013, 0.014291899447371222, -0.11455861463555243, 0.09997573125652734], "KR70003-Samsung Income": [-0.545793716960737, 0.15603380495387528, -0.047317575851829, 0.532361071340141, -0.1319072857382881, -0.1101956013996957, 0.20126905123639283, -0.2859739939320732], "KR70005-Allowance Income": [0.019094252613546654, -0.041133918327288084, 0.42763862750675746, 0.3316101673208653, 0.15160524689772042, 0.28699107464218054, -0.15919633116786666, -0.17790836720173178], "KR70006-Other Income": [-0.18682492302838008, 0.16945342595428944, -0.30978740730890997, -0.5483038720570718, -0.3631344423294981, -0.3797615433060263, -1.074818653423444, 1.6789381941285284], "MY11101-Maybank Checking Account": [-0.412448549530885, -0.11589426409614635, 0.15426577970961514, 0.06698577566257095, -0.6512990044833674, 0.2882630584606791, -0.3726450729108813, -0.34547348099131275], "MY61005-Personal Expenses": [0.019750814333774565, -0.0414023483277483, 0.4275344027331011, 0.331761409491121, 0.15134105217246127, 0.286537622943557, -0.15935017771257542, -0.17791342845789088], "MY61006-Exchange Expenses": [0.01885424711940998, -0.04099875238401485, 0.4275643081524491, 0.3315190656692518, 0.1517761328194662, 0.2870349650526813, -0.159066275134159, -0.17783727666912286], "MY71003-Allowance Income": [0.23196173284627086, 0.03519013959118344, 0.3301814295404578, 0.3430232439638358, 0.6578440411659041, -0.023973172803213576, -0.026239050504738695, -0.010117893419500586], "hana\\": [-0.2014460588761455, -0.11261809891331916, 0.3440644649338348, 0.31582643655891063, -0.3294617641640117, 0.25690144690674066, 0.629917681196205, -0.28812898310823154]}}